feature,mean,std
log_return,-8.646505752556482e-05,0.033210707553329014
rsi_14,50.292782616788266,12.082336362334464
macd_line,-0.03989699680653833,1.4603763868417776
macd_hist,0.00012272937406044955,0.45493784006264426
ema_50_200_ratio,0.9915685621604806,0.14480647280528108
obv,-971769.5337544004,20101473.67783638
vwap,25.75548295544102,38.81876913554207
bb_width,0.19440575062016183,0.14429941143524092
atr_14,0.9193265614984865,1.6923849364748
