feature,mean,std
log_return,0.0005452497150593752,0.02142189637531654
rsi_14,52.94215018728951,11.885217949170258
macd_line,0.1245963175831384,0.9397396607729741
macd_hist,-0.0011992974835058326,0.2968958221116485
ema_50_200_ratio,1.0408710500291256,0.07511293383225914
obv,72277161.34617771,275375219.05041146
vwap,36.38390894073758,19.693269533347504
bb_width,0.1297161360656514,0.08952768799052119
atr_14,1.1252045110449242,0.669661715403869
