feature,mean,std
log_return,0.0008247210750428587,0.0205803723161551
rsi_14,53.613544074718774,11.73926102013519
macd_line,0.16987127411340708,0.6321916714588238
macd_hist,0.00183849213469466,0.2061395668284417
ema_50_200_ratio,1.050753857640763,0.08001294436663038
obv,588057845.7282734,1504378167.3983498
vwap,24.825221010379384,19.843273950350824
bb_width,0.1263075978340548,0.07924057466597104
atr_14,0.7494160929547538,0.4932211071821968
