feature,mean,std
log_return,0.0005726769320030716,0.026287801026345238
rsi_14,52.49557112353633,11.541447790736044
macd_line,0.08884358762563614,0.5751815323938709
macd_hist,0.0033238985732331984,0.16914756220950158
ema_50_200_ratio,1.025047341508012,0.09386805048615547
obv,325647010.7158422,1684702783.987047
vwap,20.600628699461275,12.688359041431951
bb_width,0.14373423231149102,0.12592619903429123
atr_14,0.6103176970296771,0.461704692632165
