{
  "metrics": {
    "mse_log_return": 0.00036361897946335375,
    "r2_log_return": -0.016220927238464355,
    "r2_price": 0.9986474479769828,
    "mape_price": 1.3145221632051567,
    "directional_accuracy": 48.80927728308138,
    "naive_zero_mse": 0.00035379460314288735,
    "naive_momentum_mse": 0.0007449877448379993,
    "naive_momentum_da": 47.291407222914074
  },
  "best_xgb_params": {
    "n_estimators": 982,
    "max_depth": 8,
    "learning_rate": 0.001124579825911934,
    "subsample": 0.9879639408647978,
    "colsample_bytree": 0.9329770563201687,
    "min_child_weight": 3,
    "reg_alpha": 2.8483918709107956e-07,
    "reg_lambda": 2.9324868872723725e-07
  }
}