{
  "metrics": {
    "mse_log_return": 0.0002961827558465302,
    "r2_log_return": -0.00775146484375,
    "r2_price": 0.9997091249813351,
    "mape_price": 1.1100907536512692,
    "directional_accuracy": 51.58504176157934,
    "naive_zero_mse": 0.00029249105136841536,
    "naive_momentum_mse": 0.0005932071944698691,
    "naive_momentum_da": 48.23059360730594
  },
  "best_xgb_params": {
    "n_estimators": 982,
    "max_depth": 8,
    "learning_rate": 0.001124579825911934,
    "subsample": 0.9879639408647978,
    "colsample_bytree": 0.9329770563201687,
    "min_child_weight": 3,
    "reg_alpha": 2.8483918709107956e-07,
    "reg_lambda": 2.9324868872723725e-07
  }
}