{
  "metrics": {
    "mse_log_return": 0.0019396860152482986,
    "r2_log_return": -0.00304412841796875,
    "r2_price": 0.9992734715568209,
    "mape_price": 2.6633192057897714,
    "directional_accuracy": 48.47746650426309,
    "naive_zero_mse": 0.0019257133826613426,
    "naive_momentum_mse": 0.003790508722886443,
    "naive_momentum_da": 43.92551892551892
  },
  "best_xgb_params": {
    "n_estimators": 982,
    "max_depth": 8,
    "learning_rate": 0.001124579825911934,
    "subsample": 0.9879639408647978,
    "colsample_bytree": 0.9329770563201687,
    "min_child_weight": 3,
    "reg_alpha": 2.8483918709107956e-07,
    "reg_lambda": 2.9324868872723725e-07
  }
}