feature,mean,std
log_return,0.0010882579787799918,0.019764953725644595
rsi_14,54.498751440364885,11.848202342244809
macd_line,0.3810296135522661,1.4642191876089614
macd_hist,0.005563712581529267,0.44832741726151476
ema_50_200_ratio,1.0662600467775036,0.07722685190511694
obv,146673465.50854522,292238174.1951036
vwap,37.786357578198924,42.53904519368082
bb_width,0.11887692044657101,0.0783496544779571
atr_14,1.3205731915590773,1.579562015398704
